Medication category,Province,Year,N,Rate
Antipsychotic,British Columbia,2018-2019,15091,1365
Antipsychotic,British Columbia,2019-2020,16149,1439
Antipsychotic,British Columbia,2020-2021,16862,1505
Antipsychotic,British Columbia,2021-2022,18178,1645
Antipsychotic,British Columbia,2022-2023,18479,1616
Antipsychotic,British Columbia,2023-2024,18338,1554
Antipsychotic,Manitoba,2018-2019,6002,1701
Antipsychotic,Manitoba,2019-2020,6110,1715
Antipsychotic,Manitoba,2020-2021,6397,1792
Antipsychotic,Manitoba,2021-2022,6614,1839
Antipsychotic,Manitoba,2022-2023,6676,1814
Antipsychotic,Manitoba,2023-2024,6710,1767
Antipsychotic,Saskatchewan,2018-2019,6506,2223
Antipsychotic,Saskatchewan,2019-2020,6845,2321
Antipsychotic,Saskatchewan,2020-2021,6940,2347
Antipsychotic,Saskatchewan,2021-2022,7628,2579
Antipsychotic,Saskatchewan,2022-2023,8007,2664
Antipsychotic,Saskatchewan,2023-2024,8421,2703
Antipsychotic,Total,2018-2019,27599,1576
Antipsychotic,Total,2019-2020,29104,1641
Antipsychotic,Total,2020-2021,30199,1703
Antipsychotic,Total,2021-2022,32420,1841
Antipsychotic,Total,2022-2023,33162,1830
Antipsychotic,Total,2023-2024,33469,1788
Mood and anxiety,British Columbia,2018-2019,71347,6453
Mood and anxiety,British Columbia,2019-2020,76923,6856
Mood and anxiety,British Columbia,2020-2021,80257,7162
Mood and anxiety,British Columbia,2021-2022,89919,8136
Mood and anxiety,British Columbia,2022-2023,91653,8017
Mood and anxiety,British Columbia,2023-2024,90064,7630
Mood and anxiety,Manitoba,2018-2019,22812,6466
Mood and anxiety,Manitoba,2019-2020,23938,6721
Mood and anxiety,Manitoba,2020-2021,24832,6956
Mood and anxiety,Manitoba,2021-2022,27813,7732
Mood and anxiety,Manitoba,2022-2023,28341,7701
Mood and anxiety,Manitoba,2023-2024,27914,7350
Mood and anxiety,Saskatchewan,2018-2019,22441,7667
Mood and anxiety,Saskatchewan,2019-2020,24120,8179
Mood and anxiety,Saskatchewan,2020-2021,24858,8407
Mood and anxiety,Saskatchewan,2021-2022,27689,9360
Mood and anxiety,Saskatchewan,2022-2023,28644,9528
Mood and anxiety,Saskatchewan,2023-2024,28693,9211
Mood and anxiety,Total,2018-2019,116600,6659
Mood and anxiety,Total,2019-2020,124981,7049
Mood and anxiety,Total,2020-2021,129947,7328
Mood and anxiety,Total,2021-2022,145421,8259
Mood and anxiety,Total,2022-2023,148638,8204
Mood and anxiety,Total,2023-2024,146671,7836
