Psychotropic medication category,Age group,Sex,Year,N,Rate
Antipsychotic,Age 10–14,Female,2018-2019,1426,731
Antipsychotic,Age 10–14,Female,2019-2020,1533,773
Antipsychotic,Age 10–14,Female,2020-2021,1777,879
Antipsychotic,Age 10–14,Female,2021-2022,2091,1026
Antipsychotic,Age 10–14,Female,2022-2023,2050,987
Antipsychotic,Age 10–14,Female,2023-2024,1954,920
Antipsychotic,Age 15–17,Female,2018-2019,2534,2124
Antipsychotic,Age 15–17,Female,2019-2020,2646,2211
Antipsychotic,Age 15–17,Female,2020-2021,2917,2431
Antipsychotic,Age 15–17,Female,2021-2022,3399,2841
Antipsychotic,Age 15–17,Female,2022-2023,3723,2980
Antipsychotic,Age 15–17,Female,2023-2024,3872,2998
Antipsychotic,Age 18–24,Female,2018-2019,8648,2585
Antipsychotic,Age 18–24,Female,2019-2020,9558,2806
Antipsychotic,Age 18–24,Female,2020-2021,10461,3115
Antipsychotic,Age 18–24,Female,2021-2022,11686,3573
Antipsychotic,Age 18–24,Female,2022-2023,11986,3522
Antipsychotic,Age 18–24,Female,2023-2024,11866,3339
Antipsychotic,Age 5–9,Female,2018-2019,378,191
Antipsychotic,Age 5–9,Female,2019-2020,392,197
Antipsychotic,Age 5–9,Female,2020-2021,378,189
Antipsychotic,Age 5–9,Female,2021-2022,396,197
Antipsychotic,Age 5–9,Female,2022-2023,418,204
Antipsychotic,Age 5–9,Female,2023-2024,487,233
Antipsychotic,Total age 5–24,Female,2018-2019,12986,1533
Antipsychotic,Total age 5–24,Female,2019-2020,14129,1648
Antipsychotic,Total age 5–24,Female,2020-2021,15533,1810
Antipsychotic,Total age 5–24,Female,2021-2022,17572,2063
Antipsychotic,Total age 5–24,Female,2022-2023,18177,2070
Antipsychotic,Total age 5–24,Female,2023-2024,18179,2007
Mood and anxiety,Age 10–14,Female,2018-2019,6481,3324
Mood and anxiety,Age 10–14,Female,2019-2020,7338,3700
Mood and anxiety,Age 10–14,Female,2020-2021,8739,4323
Mood and anxiety,Age 10–14,Female,2021-2022,10989,5391
Mood and anxiety,Age 10–14,Female,2022-2023,11252,5419
Mood and anxiety,Age 10–14,Female,2023-2024,10914,5139
Mood and anxiety,Age 15–17,Female,2018-2019,14281,11972
Mood and anxiety,Age 15–17,Female,2019-2020,15584,13025
Mood and anxiety,Age 15–17,Female,2020-2021,16407,13671
Mood and anxiety,Age 15–17,Female,2021-2022,19496,16294
Mood and anxiety,Age 15–17,Female,2022-2023,20395,16326
Mood and anxiety,Age 15–17,Female,2023-2024,20084,15552
Mood and anxiety,Age 18–24,Female,2018-2019,51962,15532
Mood and anxiety,Age 18–24,Female,2019-2020,55696,16352
Mood and anxiety,Age 18–24,Female,2020-2021,58893,17537
Mood and anxiety,Age 18–24,Female,2021-2022,65121,19913
Mood and anxiety,Age 18–24,Female,2022-2023,66073,19417
Mood and anxiety,Age 18–24,Female,2023-2024,64835,18246
Mood and anxiety,Age 5–9,Female,2018-2019,1454,734
Mood and anxiety,Age 5–9,Female,2019-2020,1434,721
Mood and anxiety,Age 5–9,Female,2020-2021,1390,695
Mood and anxiety,Age 5–9,Female,2021-2022,1532,761
Mood and anxiety,Age 5–9,Female,2022-2023,1700,828
Mood and anxiety,Age 5–9,Female,2023-2024,1958,937
Mood and anxiety,Total age 5–24,Female,2018-2019,74178,8760
Mood and anxiety,Total age 5–24,Female,2019-2020,80052,9335
Mood and anxiety,Total age 5–24,Female,2020-2021,85429,9957
Mood and anxiety,Total age 5–24,Female,2021-2022,97138,11402
Mood and anxiety,Total age 5–24,Female,2022-2023,99420,11322
Mood and anxiety,Total age 5–24,Female,2023-2024,97791,10796
