Province,Year,N,Rate
Alberta,2018-2019,177803,16743
Alberta,2019-2020,188767,17545
Alberta,2020-2021,193347,17778
Alberta,2021-2022,215958,19791
Alberta,2022-2023,220761,19775
Alberta,2023-2024,223089,19194
British Columbia,2018-2019,145707,13178
British Columbia,2019-2020,153723,13700
British Columbia,2020-2021,160566,14328
British Columbia,2021-2022,180574,16339
British Columbia,2022-2023,186013,16271
British Columbia,2023-2024,190488,16138
Manitoba,2018-2019,47977,13600
Manitoba,2019-2020,49408,13872
Manitoba,2020-2021,51183,14338
Manitoba,2021-2022,58041,16135
Manitoba,2022-2023,57046,15501
Manitoba,2023-2024,57002,15008
Newfoundland and Labrador,2018-2019,16657,15640
Newfoundland and Labrador,2019-2020,17388,16470
Newfoundland and Labrador,2020-2021,17573,16793
Newfoundland and Labrador,2021-2022,19373,18709
Newfoundland and Labrador,2022-2023,18785,17892
Newfoundland and Labrador,2023-2024,18391,17323
Nova Scotia,2018-2019,39872,19468
Nova Scotia,2019-2020,40394,19502
Nova Scotia,2020-2021,39973,19140
Nova Scotia,2021-2022,43718,20969
Nova Scotia,2022-2023,43759,20299
Nova Scotia,2023-2024,43609,19592
Ontario,2018-2019,504205,14777
Ontario,2019-2020,515926,14971
Ontario,2020-2021,487722,14147
Ontario,2021-2022,541383,15920
Ontario,2022-2023,539363,15436
Ontario,2023-2024,535369,14810
Saskatchewan,2018-2019,39209,13396
Saskatchewan,2019-2020,41854,14192
Saskatchewan,2020-2021,42024,14212
Saskatchewan,2021-2022,46530,15729
Saskatchewan,2022-2023,49991,16629
Saskatchewan,2023-2024,50471,16202
Total,2018-2019,971430,14862
Total,2019-2020,1007460,15246
Total,2020-2021,992388,14987
Total,2021-2022,1105577,16841
Total,2022-2023,1115718,16546
Total,2023-2024,1118419,16029
