Psychotropic medication category,Place of residence,Year,N,Rate
Antipsychotic,Rural/remote,2018-2019,4625,1496
Antipsychotic,Rural/remote,2019-2020,4973,1603
Antipsychotic,Rural/remote,2020-2021,5055,1632
Antipsychotic,Rural/remote,2021-2022,5369,1731
Antipsychotic,Rural/remote,2022-2023,5521,1756
Antipsychotic,Rural/remote,2023-2024,5598,1756
Antipsychotic,Urban,2018-2019,22589,1567
Antipsychotic,Urban,2019-2020,23756,1624
Antipsychotic,Urban,2020-2021,24736,1690
Antipsychotic,Urban,2021-2022,26501,1827
Antipsychotic,Urban,2022-2023,27114,1811
Antipsychotic,Urban,2023-2024,27392,1764
Mood and anxiety,Rural/remote,2018-2019,19014,6151
Mood and anxiety,Rural/remote,2019-2020,20278,6534
Mood and anxiety,Rural/remote,2020-2021,20781,6709
Mood and anxiety,Rural/remote,2021-2022,23455,7563
Mood and anxiety,Rural/remote,2022-2023,24109,7666
Mood and anxiety,Rural/remote,2023-2024,23615,7409
Mood and anxiety,Urban,2018-2019,95585,6629
Mood and anxiety,Urban,2019-2020,102572,7012
Mood and anxiety,Urban,2020-2021,106942,7307
Mood and anxiety,Urban,2021-2022,119094,8210
Mood and anxiety,Urban,2022-2023,121582,8120
Mood and anxiety,Urban,2023-2024,120039,7730
