Province/territory,Year,N,Rate
Alberta,2018-2019,4944,466
Alberta,2019-2020,4970,462
Alberta,2020-2021,4886,449
Alberta,2021-2022,5150,472
Alberta,2022-2023,4610,413
Alberta,2023-2024,4396,378
British Columbia,2018-2019,5645,511
British Columbia,2019-2020,5871,523
British Columbia,2020-2021,5604,500
British Columbia,2021-2022,6135,555
British Columbia,2022-2023,5423,474
British Columbia,2023-2024,5103,432
Canada,2018-2019,41114,479
Canada,2019-2020,39800,458
Canada,2020-2021,36722,421
Canada,2021-2022,40023,463
Canada,2022-2023,36086,407
Canada,2023-2024,33692,368
Manitoba,2018-2019,1260,357
Manitoba,2019-2020,1281,360
Manitoba,2020-2021,1162,326
Manitoba,2021-2022,1283,357
Manitoba,2022-2023,1180,321
Manitoba,2023-2024,1156,304
New Brunswick,2018-2019,1025,641
New Brunswick,2019-2020,911,567
New Brunswick,2020-2021,907,561
New Brunswick,2021-2022,968,597
New Brunswick,2022-2023,806,479
New Brunswick,2023-2024,815,465
Newfoundland and Labrador,2018-2019,513,482
Newfoundland and Labrador,2019-2020,489,463
Newfoundland and Labrador,2020-2021,423,404
Newfoundland and Labrador,2021-2022,454,438
Newfoundland and Labrador,2022-2023,387,369
Newfoundland and Labrador,2023-2024,293,276
Northwest Territories,2018-2019,138,1172
Northwest Territories,2019-2020,155,1335
Northwest Territories,2020-2021,142,1229
Northwest Territories,2021-2022,156,1354
Northwest Territories,2022-2023,124,1076
Northwest Territories,2023-2024,107,926
Nova Scotia,2018-2019,639,312
Nova Scotia,2019-2020,707,341
Nova Scotia,2020-2021,615,294
Nova Scotia,2021-2022,670,321
Nova Scotia,2022-2023,536,249
Nova Scotia,2023-2024,483,217
Nunavut,2018-2019,130,914
Nunavut,2019-2020,137,947
Nunavut,2020-2021,123,841
Nunavut,2021-2022,147,1003
Nunavut,2022-2023,143,954
Nunavut,2023-2024,157,1036
Ontario,2018-2019,16958,497
Ontario,2019-2020,15983,464
Ontario,2020-2021,14718,427
Ontario,2021-2022,16031,471
Ontario,2022-2023,14584,417
Ontario,2023-2024,13647,378
Prince Edward Island,2018-2019,291,833
Prince Edward Island,2019-2020,275,757
Prince Edward Island,2020-2021,217,575
Prince Edward Island,2021-2022,301,787
Prince Edward Island,2022-2023,236,591
Prince Edward Island,2023-2024,242,583
Quebec,2018-2019,7365,405
Quebec,2019-2020,6952,377
Quebec,2020-2021,6190,333
Quebec,2021-2022,6811,368
Quebec,2022-2023,6138,327
Quebec,2023-2024,5707,296
Saskatchewan,2018-2019,2027,693
Saskatchewan,2019-2020,1900,644
Saskatchewan,2020-2021,1570,531
Saskatchewan,2021-2022,1735,586
Saskatchewan,2022-2023,1758,585
Saskatchewan,2023-2024,1464,470
Yukon,2018-2019,75,847
Yukon,2019-2020,75,840
Yukon,2020-2021,66,724
Yukon,2021-2022,63,672
Yukon,2022-2023,62,638
Yukon,2023-2024,41,412
