Psychotropic medication category,Income quintile,Year,N,Rate
Antipsychotic,1 (lowest income),2018-2019,6925,2114
Antipsychotic,1 (lowest income),2019-2020,7165,2196
Antipsychotic,1 (lowest income),2020-2021,7105,2187
Antipsychotic,1 (lowest income),2021-2022,7548,2332
Antipsychotic,1 (lowest income),2022-2023,7498,2303
Antipsychotic,1 (lowest income),2023-2024,7609,2323
Antipsychotic,2,2018-2019,5813,1832
Antipsychotic,2,2019-2020,6151,1925
Antipsychotic,2,2020-2021,6352,1973
Antipsychotic,2,2021-2022,6729,2075
Antipsychotic,2,2022-2023,6842,2095
Antipsychotic,2,2023-2024,7022,2134
Antipsychotic,3,2018-2019,4991,1551
Antipsychotic,3,2019-2020,5323,1633
Antipsychotic,3,2020-2021,5626,1705
Antipsychotic,3,2021-2022,5804,1737
Antipsychotic,3,2022-2023,5946,1765
Antipsychotic,3,2023-2024,5975,1758
Antipsychotic,4,2018-2019,4397,1321
Antipsychotic,4,2019-2020,4716,1408
Antipsychotic,4,2020-2021,5010,1487
Antipsychotic,4,2021-2022,5455,1609
Antipsychotic,4,2022-2023,5698,1664
Antipsychotic,4,2023-2024,5680,1641
Antipsychotic,5 (highest income),2018-2019,4872,1402
Antipsychotic,5 (highest income),2019-2020,5170,1473
Antipsychotic,5 (highest income),2020-2021,5487,1548
Antipsychotic,5 (highest income),2021-2022,6091,1702
Antipsychotic,5 (highest income),2022-2023,6410,1763
Antipsychotic,5 (highest income),2023-2024,6455,1747
Mood and anxiety,1 (lowest income),2018-2019,22361,6826
Mood and anxiety,1 (lowest income),2019-2020,23482,7197
Mood and anxiety,1 (lowest income),2020-2021,23355,7187
Mood and anxiety,1 (lowest income),2021-2022,25568,7901
Mood and anxiety,1 (lowest income),2022-2023,26299,8079
Mood and anxiety,1 (lowest income),2023-2024,25773,7870
Mood and anxiety,2,2018-2019,23179,7305
Mood and anxiety,2,2019-2020,24873,7782
Mood and anxiety,2,2020-2021,25464,7910
Mood and anxiety,2,2021-2022,28026,8644
Mood and anxiety,2,2022-2023,28583,8751
Mood and anxiety,2,2023-2024,28269,8592
Mood and anxiety,3,2018-2019,21764,6762
Mood and anxiety,3,2019-2020,23204,7119
Mood and anxiety,3,2020-2021,24405,7395
Mood and anxiety,3,2021-2022,27533,8241
Mood and anxiety,3,2022-2023,27704,8222
Mood and anxiety,3,2023-2024,27190,8000
Mood and anxiety,4,2018-2019,22002,6612
Mood and anxiety,4,2019-2020,23868,7128
Mood and anxiety,4,2020-2021,25069,7440
Mood and anxiety,4,2021-2022,28088,8284
Mood and anxiety,4,2022-2023,28605,8351
Mood and anxiety,4,2023-2024,28220,8155
Mood and anxiety,5 (highest income),2018-2019,24439,7032
Mood and anxiety,5 (highest income),2019-2020,26573,7570
Mood and anxiety,5 (highest income),2020-2021,28564,8058
Mood and anxiety,5 (highest income),2021-2022,32439,9063
Mood and anxiety,5 (highest income),2022-2023,33606,9241
Mood and anxiety,5 (highest income),2023-2024,33316,9016
