Medication category,Medication class,Year,N,Rate
Antipsychotic,Atypical,2018-2019,26956,1539
Antipsychotic,Atypical,2019-2020,28503,1608
Antipsychotic,Atypical,2020-2021,29614,1670
Antipsychotic,Atypical,2021-2022,31804,1806
Antipsychotic,Atypical,2022-2023,32547,1796
Antipsychotic,Atypical,2023-2024,32841,1755
Antipsychotic,Typical,2018-2019,1582,90
Antipsychotic,Typical,2019-2020,1512,85
Antipsychotic,Typical,2020-2021,1624,92
Antipsychotic,Typical,2021-2022,1695,96
Antipsychotic,Typical,2022-2023,1704,94
Antipsychotic,Typical,2023-2024,1711,91
Mood and anxiety,Anxiolytic,2018-2019,27591,1576
Mood and anxiety,Anxiolytic,2019-2020,26889,1516
Mood and anxiety,Anxiolytic,2020-2021,23326,1315
Mood and anxiety,Anxiolytic,2021-2022,24954,1417
Mood and anxiety,Anxiolytic,2022-2023,24241,1338
Mood and anxiety,Anxiolytic,2023-2024,23406,1251
Mood and anxiety,Lithium,2018-2019,1317,75
Mood and anxiety,Lithium,2019-2020,1421,80
Mood and anxiety,Lithium,2020-2021,1416,80
Mood and anxiety,Lithium,2021-2022,1365,78
Mood and anxiety,Lithium,2022-2023,1239,68
Mood and anxiety,Lithium,2023-2024,1110,59
Mood and anxiety,MAOI,2018-2019,46,3
Mood and anxiety,MAOI,2019-2020,29,2
Mood and anxiety,MAOI,2020-2021,38,2
Mood and anxiety,MAOI,2021-2022,28,2
Mood and anxiety,MAOI,2022-2023,29,2
Mood and anxiety,MAOI,2023-2024,22,1
Mood and anxiety,Other antidepressant,2018-2019,29526,1686
Mood and anxiety,Other antidepressant,2019-2020,31785,1793
Mood and anxiety,Other antidepressant,2020-2021,33618,1896
Mood and anxiety,Other antidepressant,2021-2022,36812,2091
Mood and anxiety,Other antidepressant,2022-2023,37285,2058
Mood and anxiety,Other antidepressant,2023-2024,35967,1922
Mood and anxiety,SSRI,2018-2019,80879,4619
Mood and anxiety,SSRI,2019-2020,88767,5006
Mood and anxiety,SSRI,2020-2021,95792,5402
Mood and anxiety,SSRI,2021-2022,109270,6206
Mood and anxiety,SSRI,2022-2023,112265,6196
Mood and anxiety,SSRI,2023-2024,110907,5925
Mood and anxiety,Tricyclic antidepressant,2018-2019,7113,406
Mood and anxiety,Tricyclic antidepressant,2019-2020,7236,408
Mood and anxiety,Tricyclic antidepressant,2020-2021,7064,398
Mood and anxiety,Tricyclic antidepressant,2021-2022,7243,411
Mood and anxiety,Tricyclic antidepressant,2022-2023,6804,376
Mood and anxiety,Tricyclic antidepressant,2023-2024,6752,361
