Province/territory,Year,N,Rate
Alberta,2018-2019,20851,1963
Alberta,2019-2020,20015,1860
Alberta,2020-2021,17485,1608
Alberta,2021-2022,17687,1621
Alberta,2022-2023,18031,1615
Alberta,2023-2024,18377,1581
British Columbia,2018-2019,16743,1514
British Columbia,2019-2020,16077,1433
British Columbia,2020-2021,13805,1232
British Columbia,2021-2022,13665,1236
British Columbia,2022-2023,14356,1256
British Columbia,2023-2024,14812,1255
Canada,2018-2019,151942,1770
Canada,2019-2020,146843,1691
Canada,2020-2021,122994,1411
Canada,2021-2022,124469,1439
Canada,2022-2023,128899,1454
Canada,2023-2024,132963,1452
Manitoba,2018-2019,7697,2182
Manitoba,2019-2020,7485,2101
Manitoba,2020-2021,6539,1832
Manitoba,2021-2022,6390,1776
Manitoba,2022-2023,6306,1714
Manitoba,2023-2024,6185,1628
New Brunswick,2018-2019,3758,2350
New Brunswick,2019-2020,3611,2246
New Brunswick,2020-2021,3028,1873
New Brunswick,2021-2022,2941,1813
New Brunswick,2022-2023,2979,1771
New Brunswick,2023-2024,3051,1742
Newfoundland and Labrador,2018-2019,2700,2535
Newfoundland and Labrador,2019-2020,2448,2319
Newfoundland and Labrador,2020-2021,2022,1932
Newfoundland and Labrador,2021-2022,2008,1939
Newfoundland and Labrador,2022-2023,2085,1986
Newfoundland and Labrador,2023-2024,2096,1974
Northwest Territories,2018-2019,386,3279
Northwest Territories,2019-2020,332,2860
Northwest Territories,2020-2021,316,2735
Northwest Territories,2021-2022,274,2378
Northwest Territories,2022-2023,276,2394
Northwest Territories,2023-2024,263,2275
Nova Scotia,2018-2019,4187,2044
Nova Scotia,2019-2020,3859,1863
Nova Scotia,2020-2021,3273,1567
Nova Scotia,2021-2022,3322,1593
Nova Scotia,2022-2023,3443,1597
Nova Scotia,2023-2024,3337,1499
Nunavut,2018-2019,906,6369
Nunavut,2019-2020,676,4672
Nunavut,2020-2021,644,4403
Nunavut,2021-2022,759,5177
Nunavut,2022-2023,735,4905
Nunavut,2023-2024,696,4594
Ontario,2018-2019,50732,1487
Ontario,2019-2020,49196,1428
Ontario,2020-2021,40310,1169
Ontario,2021-2022,40826,1201
Ontario,2022-2023,43134,1234
Ontario,2023-2024,46171,1277
Prince Edward Island,2018-2019,751,2151
Prince Edward Island,2019-2020,761,2095
Prince Edward Island,2020-2021,655,1736
Prince Edward Island,2021-2022,630,1648
Prince Edward Island,2022-2023,656,1643
Prince Edward Island,2023-2024,719,1732
Quebec,2018-2019,34672,1905
Quebec,2019-2020,33784,1833
Quebec,2020-2021,27597,1484
Quebec,2021-2022,28505,1541
Quebec,2022-2023,29464,1569
Quebec,2023-2024,29777,1544
Saskatchewan,2018-2019,8195,2800
Saskatchewan,2019-2020,8205,2782
Saskatchewan,2020-2021,6981,2361
Saskatchewan,2021-2022,7128,2410
Saskatchewan,2022-2023,7034,2340
Saskatchewan,2023-2024,7059,2266
Yukon,2018-2019,215,2429
Yukon,2019-2020,202,2262
Yukon,2020-2021,184,2017
Yukon,2021-2022,184,1963
Yukon,2022-2023,182,1874
Yukon,2023-2024,161,1618
